{
  "0": {
    "precision": 0.9629629629629629,
    "recall": 1.0,
    "f1-score": 0.9811320754716981,
    "support": 78.0
  },
  "1": {
    "precision": 1.0,
    "recall": 0.9625,
    "f1-score": 0.9808917197452229,
    "support": 80.0
  },
  "accuracy": 0.9810126582278481,
  "macro avg": {
    "precision": 0.9814814814814814,
    "recall": 0.98125,
    "f1-score": 0.9810118976084605,
    "support": 158.0
  },
  "weighted avg": {
    "precision": 0.981715893108298,
    "recall": 0.9810126582278481,
    "f1-score": 0.9810103763696854,
    "support": 158.0
  }
}