{
  "val_metrics_at_tau1": {
    "th": 0.13,
    "precision": 0.9999999999875,
    "recall": 0.9999999999875,
    "f1": 0.9999999994875,
    "youden": 0.9999999999875
  },
  "val_metrics_at_tau2": {
    "th": 0.13,
    "precision": 0.9999999999875,
    "recall": 0.9999999999875,
    "f1": 0.9999999994875,
    "youden": 0.9999999999875
  }
}